[
    {
      "model": "news.newsstory",
      "pk": 1,
      "fields": {
        "title": "Will Stewart: The Unofficial Peep?",
        "author": "Plus Perth 2020 Cohort",
        "pub_date": "2020-07-01T10:03:56Z",
        "content": "Chupa chups bear claw chocolate bar wafer bear claw candy chocolate cake pudding. Candy canes wafer marshmallow icing oat cake. Dessert marzipan candy pastry chocolate cake macaroon. Cake drag\u00e9e dessert cake sweet roll. Lemon drops liquorice carrot cake jelly-o cheesecake fruitcake macaroon. Liquorice cookie sweet roll caramels candy canes muffin sweet danish topping. Danish icing drag\u00e9e. Donut sugar plum cake halvah. Pudding topping jujubes tiramisu cake toffee. Bear claw toffee souffl\u00e9 tart. Toffee gummi bears muffin brownie lemon drops gummi bears. Cupcake wafer gummies powder. Jujubes candy sugar plum tootsie roll jelly beans brownie cupcake candy. Cake jelly beans biscuit sweet chocolate gummi bears croissant.\r\n\r\nIcing croissant drag\u00e9e pudding pudding caramels marzipan. Bonbon pastry danish. Gingerbread ice cream sweet roll lemon drops candy apple pie pie. Topping powder macaroon caramels. Bonbon croissant sesame snaps dessert macaroon brownie lollipop halvah. Brownie souffl\u00e9 bonbon icing bear claw. Pastry jelly beans jelly. Tootsie roll pastry muffin wafer cheesecake. Sugar plum jelly biscuit tart caramels dessert lollipop marzipan candy canes. Liquorice toffee candy donut halvah. Powder sesame snaps chupa chups pastry. Jujubes topping pie pudding. Oat cake lollipop cake topping marzipan souffl\u00e9 tart candy canes bonbon.\r\n\r\nCarrot cake gummi bears sweet roll carrot cake macaroon donut sugar plum cake sweet. Caramels lemon drops cotton candy dessert chocolate danish. Biscuit cake cake cotton candy cake tart chupa chups toffee tart. Gummies carrot cake sweet candy canes toffee marshmallow. Chocolate cake sugar plum powder tart sesame snaps sesame snaps. Oat cake gummi bears tootsie roll gummi bears gummi bears wafer gingerbread candy canes. Apple pie chocolate cake sugar plum cookie jelly cheesecake marshmallow sesame snaps fruitcake. Halvah carrot cake caramels croissant donut cotton candy. Bonbon topping cupcake jelly-o gingerbread. Chupa chups croissant liquorice candy canes tiramisu. Macaroon sugar plum liquorice chocolate bar souffl\u00e9 lemon drops wafer muffin sesame snaps. Muffin muffin candy.\r\n\r\nPastry marzipan tiramisu brownie liquorice brownie pie danish. Wafer drag\u00e9e powder wafer. Croissant dessert chocolate cake donut sweet toffee. Jujubes candy canes jujubes. Croissant cheesecake fruitcake danish pastry. Muffin cupcake pie halvah halvah cake tart oat cake. Marzipan sweet brownie candy canes. Jelly-o jelly-o cookie sugar plum fruitcake cotton candy. Sweet roll macaroon sweet roll muffin candy candy oat cake powder cake. Sweet liquorice cake lollipop croissant donut croissant gummi bears. Carrot cake brownie jelly. Gummi bears gummi bears caramels liquorice. Souffl\u00e9 cotton candy biscuit sweet roll wafer sweet donut tiramisu. Marshmallow jelly gingerbread gummi bears halvah.\r\n\r\nMarshmallow carrot cake drag\u00e9e. Sweet roll cupcake liquorice chocolate bar jelly-o. Sugar plum bear claw pudding lollipop chocolate bar biscuit candy canes gummi bears liquorice. Macaroon cookie cookie. Biscuit muffin tart cake wafer gingerbread cookie. Gingerbread gingerbread danish. Powder souffl\u00e9 gummies halvah powder. Cookie cupcake wafer danish muffin sweet roll toffee. Gingerbread chocolate sweet roll jelly-o chupa chups ice cream. Souffl\u00e9 wafer jelly. Donut drag\u00e9e sweet roll. Gummi bears brownie cookie brownie jelly beans marzipan bear claw sweet roll."
      }
    },
    {
      "model": "news.newsstory",
      "pk": 2,
      "fields": {
        "title": "Fancy Cat Exclusive: Prince Thomas of Whitepaw",
        "author": "Fancy Cat",
        "pub_date": "2020-07-12T04:06:50Z",
        "content": "Tootsie roll sesame snaps gummi bears icing bonbon jelly beans pie pastry. Biscuit pastry cookie. Caramels chocolate bar jujubes souffl\u00e9 carrot cake topping ice cream croissant sweet roll. Chocolate bar lollipop bear claw jelly beans caramels. Tiramisu fruitcake jelly beans cheesecake brownie. Bonbon pie gummies powder jelly lemon drops candy. Tiramisu caramels muffin topping. Danish apple pie sugar plum sweet. Pastry jelly croissant toffee dessert liquorice. Pie brownie muffin lollipop bear claw tiramisu caramels tiramisu gummi bears. Brownie pastry oat cake lollipop marshmallow liquorice. Dessert sweet brownie jelly-o lemon drops pastry donut halvah. Topping cookie pastry tiramisu chocolate. Muffin candy canes liquorice cake marshmallow.\r\n\r\nPastry candy canes tart cookie cookie candy canes danish. Muffin apple pie lollipop chupa chups jujubes lollipop. Cotton candy lemon drops wafer gummies caramels cake gingerbread candy. Gummies topping halvah liquorice apple pie gingerbread candy chocolate cake. Powder cookie danish. Chocolate sesame snaps sugar plum sugar plum caramels icing cake ice cream pudding. Sugar plum pastry bonbon. Cotton candy cupcake topping dessert cheesecake fruitcake. Gingerbread donut chocolate cake. Sweet roll carrot cake fruitcake. Candy halvah candy canes wafer. Wafer chocolate bar danish jelly-o biscuit. Croissant cotton candy cheesecake tart cake liquorice. Jujubes icing cake donut fruitcake.\r\n\r\nIce cream brownie jelly icing cupcake candy pudding. Cotton candy carrot cake fruitcake topping. Cotton candy topping marshmallow tart tart. Topping pudding cheesecake bonbon marshmallow. Marshmallow brownie cupcake jelly beans cake cheesecake cake sweet cotton candy. Croissant gummies chocolate. Sugar plum candy sugar plum. Oat cake chocolate drag\u00e9e pie jelly cheesecake sugar plum. Sweet pastry chocolate bar cake candy canes toffee. Pie chocolate bar pie gummies jelly chocolate tiramisu dessert cheesecake. Lemon drops bonbon wafer. Bear claw gingerbread chocolate bar. Cupcake candy canes gummies brownie sugar plum tootsie roll gummi bears jelly-o. Dessert powder candy canes jelly gingerbread cookie caramels sesame snaps bear claw.\r\n\r\nGingerbread sweet lollipop sweet roll sesame snaps gummi bears bear claw jelly. Fruitcake pastry tootsie roll tootsie roll sweet roll. Toffee bear claw cake cheesecake chupa chups sesame snaps cake cake. Ice cream pie pudding cheesecake pudding drag\u00e9e cupcake. Cupcake candy cupcake apple pie liquorice. Cake danish liquorice croissant gummi bears gingerbread donut jujubes. Fruitcake dessert cotton candy bear claw. Marshmallow sweet roll powder lollipop caramels. Gummi bears ice cream pudding cookie sweet roll. Cotton candy cotton candy carrot cake powder muffin apple pie cookie. Drag\u00e9e bonbon sugar plum danish donut. Ice cream lollipop brownie topping bear claw pastry cookie fruitcake croissant.\r\n\r\nCheesecake danish chocolate cake lollipop sweet roll sugar plum drag\u00e9e. Drag\u00e9e souffl\u00e9 souffl\u00e9 topping icing cheesecake jelly. Carrot cake oat cake pudding fruitcake icing sweet cupcake gingerbread. Cupcake cake icing danish souffl\u00e9 marshmallow chocolate cake tart. Sesame snaps muffin cookie gingerbread ice cream muffin dessert. Powder jelly beans tootsie roll jujubes icing tart liquorice jujubes pudding. Gingerbread bear claw pie cake sugar plum. Bear claw jelly-o brownie. Chocolate bar cookie muffin. Fruitcake cake lemon drops pie gingerbread macaroon pastry sweet pudding. Sesame snaps sugar plum gummies drag\u00e9e biscuit sweet roll brownie tart. Bonbon candy canes bear claw."
      }
    },
    {
      "model": "news.newsstory",
      "pk": 3,
      "fields": {
        "title": "Fleur's Desperate Plea for Attention",
        "author": "anon",
        "pub_date": "2020-07-15T10:07:43Z",
        "content": "Yes.\r\n\r\nBrownie tootsie roll chocolate cake apple pie biscuit marzipan apple pie sugar plum drag\u00e9e. Chocolate cake muffin cupcake danish halvah. Souffl\u00e9 jujubes icing chocolate cake pastry. Donut chocolate bar tiramisu gummies powder sweet roll sweet roll danish cheesecake. Chocolate powder candy canes liquorice icing souffl\u00e9 icing sweet roll. Biscuit macaroon sugar plum caramels apple pie biscuit. Tart sweet roll brownie. Sesame snaps tiramisu wafer. Wafer sugar plum gummi bears tiramisu. Chocolate cake halvah jelly beans marzipan chocolate bar gummies gummies. Pudding chocolate cake wafer tiramisu jelly-o gingerbread pie marzipan. Cotton candy powder chocolate bar jelly beans macaroon pudding drag\u00e9e cupcake. Sugar plum tootsie roll cake caramels jujubes powder dessert donut donut.\r\n\r\nChocolate cake marshmallow cupcake oat cake topping sweet roll souffl\u00e9 tiramisu. Candy canes cotton candy gummi bears caramels drag\u00e9e chocolate gummi bears chocolate bar. Icing cake topping lollipop gummi bears wafer. Liquorice icing candy canes pastry. Jelly brownie muffin liquorice icing brownie sweet roll jelly. Jelly jelly muffin bear claw pie. Caramels lemon drops souffl\u00e9 carrot cake jelly caramels wafer. Croissant jelly beans jelly-o apple pie sweet sweet roll gummi bears pudding brownie. Brownie jelly beans fruitcake cheesecake sesame snaps tart cake muffin wafer. Pudding bear claw tiramisu tart sesame snaps candy chocolate bar gummies. Icing danish gingerbread ice cream cookie chocolate drag\u00e9e. Pastry cake cake bear claw. Chocolate bar liquorice dessert candy. Sesame snaps icing sweet roll candy canes danish pie chocolate tootsie roll.\r\n\r\nBrownie candy canes chocolate bar fruitcake cotton candy biscuit. Cake cupcake ice cream cookie. Tiramisu chocolate bar cake lemon drops macaroon danish chocolate bar. Donut chocolate cake fruitcake ice cream sweet roll dessert. Pastry caramels pastry chocolate bar topping pie. Candy cheesecake sugar plum. Pie fruitcake tiramisu candy canes marzipan chocolate bar chocolate bar. Sweet roll candy tiramisu muffin danish halvah marshmallow gummies. Jujubes chupa chups cake sesame snaps souffl\u00e9 brownie danish. Oat cake candy fruitcake drag\u00e9e gummi bears tart. Jujubes candy gingerbread marzipan icing. Fruitcake bonbon carrot cake oat cake. Gummi bears souffl\u00e9 icing marshmallow jelly beans ice cream gingerbread.\r\n\r\nPowder donut biscuit oat cake. Jelly bear claw icing sesame snaps gingerbread fruitcake candy sweet roll. Toffee tootsie roll gingerbread. Jelly pudding pastry sweet jelly-o macaroon brownie tiramisu liquorice. Powder liquorice jelly-o tart jelly wafer oat cake carrot cake. Marzipan lemon drops candy canes candy canes liquorice candy candy canes. Tootsie roll brownie lollipop. Cake oat cake toffee topping jelly-o apple pie cheesecake. Lollipop chocolate cake ice cream candy canes cotton candy candy canes macaroon cotton candy. Croissant toffee wafer fruitcake halvah gummi bears bear claw drag\u00e9e biscuit. Tart jelly-o sweet fruitcake gingerbread dessert jujubes. Jelly macaroon lemon drops croissant cotton candy gingerbread sugar plum cupcake. Bonbon chocolate bar marzipan bonbon marshmallow.\r\n\r\nCake wafer tootsie roll oat cake. Oat cake icing macaroon sweet roll. Danish oat cake fruitcake gummi bears gummies drag\u00e9e. Sesame snaps sweet bonbon biscuit macaroon. Jelly beans cake chocolate cake sweet roll gummies gingerbread. Cookie macaroon souffl\u00e9 liquorice marshmallow. Lollipop candy cake lemon drops apple pie biscuit wafer fruitcake wafer. Topping jujubes gingerbread. Liquorice cake bear claw donut. Dessert pudding biscuit. Lemon drops chocolate bar tootsie roll topping oat cake donut. Danish chupa chups powder drag\u00e9e bonbon dessert. Donut cupcake wafer chupa chups tiramisu. Apple pie dessert gingerbread caramels jelly beans cake danish."
      }
    },
    {
      "model": "news.newsstory",
      "pk": 4,
      "fields": {
        "title": "Roary Di Virgilio Kirwin shares his fitness program",
        "author": "Kate Kirwin",
        "pub_date": "2020-07-15T10:11:39Z",
        "content": "Cake sweet roll jelly beans gingerbread jelly beans pie jelly-o cheesecake. Lollipop croissant apple pie powder. Wafer chocolate biscuit sesame snaps jujubes gingerbread marshmallow. Cake oat cake donut chupa chups. Dessert drag\u00e9e brownie macaroon carrot cake jujubes lemon drops. Oat cake jelly beans jelly sweet roll candy marshmallow croissant. Lemon drops bonbon marzipan icing souffl\u00e9 carrot cake liquorice. Chocolate bar halvah brownie. Apple pie donut jelly beans sweet roll. Macaroon bonbon chocolate bar sweet topping topping marzipan icing brownie. Icing macaroon halvah tootsie roll cake. Drag\u00e9e bear claw caramels oat cake pudding donut liquorice gummi bears macaroon.\r\n\r\nToffee tootsie roll cake cotton candy sugar plum sesame snaps danish chupa chups. Croissant candy ice cream powder chupa chups. Cookie sweet tart biscuit wafer tootsie roll gummi bears tootsie roll jelly-o. Jelly marshmallow toffee donut. Chupa chups jelly tootsie roll donut candy canes croissant bear claw. Cake cookie jelly beans wafer ice cream pastry chupa chups bonbon muffin. Chupa chups apple pie tootsie roll sweet gingerbread powder jujubes. Jelly liquorice marzipan gingerbread cookie sugar plum cake jujubes dessert. Jelly beans cotton candy sesame snaps dessert. Lollipop chocolate ice cream tart souffl\u00e9 pudding candy candy. Gummies candy canes oat cake gummi bears tootsie roll jelly beans jujubes. Ice cream souffl\u00e9 gingerbread. Oat cake marshmallow pudding sesame snaps jelly-o.\r\n\r\nMarshmallow cupcake chocolate bar tiramisu gummies pudding cupcake jelly-o biscuit. Chocolate pudding drag\u00e9e. Biscuit sweet carrot cake candy. Croissant dessert cheesecake souffl\u00e9 gingerbread dessert apple pie. Wafer croissant liquorice cupcake muffin chocolate cake wafer. Lollipop carrot cake pie. Marzipan brownie apple pie. Lemon drops candy canes dessert icing jelly beans chocolate bar cookie muffin jelly beans. Sesame snaps topping sweet sweet roll chupa chups. Powder topping wafer sesame snaps chocolate dessert powder sweet roll. Souffl\u00e9 sweet roll gingerbread tart pastry lollipop carrot cake chupa chups. Caramels donut fruitcake.\r\n\r\nJelly-o macaroon fruitcake. Chocolate cake jelly cupcake tootsie roll sesame snaps jelly beans tootsie roll jelly beans. Pudding cake pastry gummi bears tart ice cream marzipan cake tart. Drag\u00e9e oat cake marshmallow marzipan danish caramels toffee cookie muffin. Candy canes muffin tiramisu. Jujubes tootsie roll marshmallow sugar plum caramels tart. Cake tart pastry topping macaroon. Lemon drops bonbon danish toffee bear claw carrot cake tootsie roll cupcake topping. Drag\u00e9e candy wafer croissant marshmallow lollipop bear claw cupcake icing. Cotton candy lollipop powder cheesecake liquorice gingerbread jelly jelly beans lemon drops. Jujubes cupcake oat cake drag\u00e9e dessert chupa chups sweet roll pudding. Cookie lemon drops halvah muffin jelly beans lemon drops sugar plum chocolate carrot cake.\r\n\r\nBiscuit tiramisu apple pie. Ice cream gummi bears sweet roll caramels cheesecake. Sesame snaps caramels muffin donut ice cream oat cake marzipan tiramisu jelly-o. Wafer gummi bears biscuit macaroon. Dessert muffin wafer brownie chocolate cake pastry bear claw biscuit. Sweet wafer topping cupcake jelly-o wafer muffin ice cream cake. Pie bear claw candy. Cake marzipan cookie. Halvah carrot cake lemon drops sesame snaps macaroon. Toffee tootsie roll ice cream wafer chupa chups bear claw. Wafer macaroon gummies donut tart topping apple pie brownie. Gingerbread jujubes chocolate bar pastry marzipan."
      }
    },
    {
      "model": "news.newsstory",
      "pk": 5,
      "fields": {
        "title": "Where to find the best steak in Perth?",
        "author": "R. Kapernick",
        "pub_date": "2020-07-18T03:18:09Z",
        "content": "Tart cupcake sugar plum wafer gummi bears tootsie roll lollipop. Brownie pie jelly beans chocolate cake sugar plum dessert souffl\u00e9 donut. Candy brownie jujubes chocolate toffee fruitcake powder candy drag\u00e9e. Caramels caramels marzipan halvah drag\u00e9e bear claw apple pie. Toffee jelly beans dessert chocolate ice cream cotton candy caramels jelly. Sesame snaps cotton candy cotton candy tiramisu. Drag\u00e9e cupcake toffee topping. Ice cream sesame snaps chupa chups. Bonbon souffl\u00e9 sweet ice cream chocolate bar cookie. Brownie chocolate caramels pie oat cake pie marshmallow carrot cake chupa chups. Souffl\u00e9 sugar plum sesame snaps lemon drops. Jujubes tart marshmallow.\r\n\r\nCookie brownie drag\u00e9e. Toffee jelly beans jujubes. Jelly beans macaroon marzipan candy canes. Candy candy canes sugar plum jujubes ice cream. Toffee lollipop dessert gingerbread marzipan candy souffl\u00e9 candy canes. Gummi bears chocolate caramels fruitcake ice cream. Tiramisu cake cupcake. Marshmallow cheesecake gummi bears gummies gummies lemon drops. Gummi bears marzipan tootsie roll chupa chups jelly-o brownie jujubes cake marshmallow. Fruitcake marzipan pudding. Apple pie donut cake topping carrot cake. Gingerbread chocolate cake candy pie.\r\n\r\nPie drag\u00e9e icing gummi bears. Cookie liquorice powder sesame snaps jelly-o sesame snaps. Cupcake drag\u00e9e jujubes. Souffl\u00e9 tart marshmallow marshmallow. Cotton candy donut halvah. Icing sweet roll marzipan bonbon croissant candy canes apple pie jelly-o. Tiramisu pastry apple pie. Jelly-o halvah candy canes cake. Sweet ice cream cotton candy icing lollipop gummies icing. Pie donut danish jujubes jelly-o croissant toffee bonbon. Chocolate cake tart fruitcake tiramisu sweet liquorice dessert. Bear claw cake chocolate bar pudding. Jujubes sugar plum icing.\r\n\r\nCotton candy pudding gingerbread liquorice. Chocolate cake biscuit biscuit candy canes. Pie biscuit apple pie fruitcake cotton candy croissant ice cream. Muffin pie ice cream tootsie roll biscuit. Powder halvah pastry toffee chupa chups jujubes gummi bears sugar plum. Sesame snaps cake chocolate bar fruitcake toffee pudding chupa chups cotton candy croissant. Lollipop cake cake. Tootsie roll gingerbread dessert sugar plum gingerbread marshmallow. Chocolate cake jelly beans fruitcake oat cake macaroon tart topping ice cream. Fruitcake sesame snaps ice cream gummi bears powder. Brownie halvah tiramisu tart jelly-o. Donut macaroon chocolate muffin chocolate donut danish. Dessert chocolate biscuit pudding. Sugar plum drag\u00e9e jelly beans muffin cake biscuit jelly beans lemon drops powder.\r\n\r\nGingerbread fruitcake sweet toffee gummi bears gummies oat cake. Chocolate bar chupa chups lollipop tiramisu lemon drops candy candy. Muffin chupa chups sweet lollipop ice cream tiramisu. Jelly beans jujubes cupcake sweet roll tootsie roll donut donut cake biscuit. Danish topping cake topping lemon drops topping. Oat cake chocolate cake tart lemon drops. Tiramisu sesame snaps lemon drops halvah. Wafer drag\u00e9e pastry liquorice drag\u00e9e powder lemon drops. Carrot cake ice cream oat cake. Sugar plum danish halvah powder. Pie gingerbread dessert chocolate cake cotton candy tart. Souffl\u00e9 muffin sweet bear claw halvah apple pie oat cake."
      }
    }
  ]
  